Environment,Purpose,Setup,RequiredTools,DataPolicy,ExitCriteria,Result,Evidence,Notes
"ENV-01 Source Dev Stack","Default local source validation","pnpm install --frozen-lockfile; pnpm config:sync; pnpm dev","Git, Node 22+, Corepack/pnpm","Use synthetic workspace and test provider credentials only","Gateway health ok, Mission Control Next loads, no unexplained stack traces","","",""
"ENV-02 Split Dev Stack","Isolate gateway and UI failures","Terminal 1: pnpm dev:gateway. Terminal 2: pnpm dev:ui","Node 22+, pnpm","Synthetic runtime root","UI talks to gateway and degraded states are truthful if a side is stopped","","",""
"ENV-03 Docker Compose","Container boundary and shared-host smoke","Generate docker secrets, then docker compose up --build","Docker Engine with Compose","Do not reuse real secrets in committed env files","Runtime starts with auth/policy still enforced","","",""
"ENV-04 Packaged Windows x64","Primary 1.0 packaged Windows path","Install generated or release x64 EXE, launch from Start Menu","Windows 11, WebView2, installer artifact","Fresh local GoatCitadel home or documented upgrade home","WinUI host loads Mission Control Next, launcher status works, uninstall smoke clean","","",""
"ENV-05 Packaged Windows arm64","Windows arm64 package parity when hardware exists","Install generated or release arm64 EXE","Windows arm64 device","Fresh local runtime root","Same as x64 or explicitly blocked by hardware availability","","",""
"ENV-06 Browser Matrix","Web shell compatibility","Open Mission Control in Chrome, Edge, Firefox if practical","Desktop browsers","Synthetic workspace","Core Chat and Settings flows render without browser-specific breakage","","",""
"ENV-07 Mobile Responsive","Small-screen route and navigation smoke","Use browser device mode at 390x844 and 428x926","Browser dev tools or physical phone against local host","Read-only unless testing approvals/settings deliberately","No overlap, clipped controls, or inaccessible primary actions","","",""
"ENV-08 Optional Sidecars","Voice, NPU, local AI, add-ons, and experimental paths","Enable one optional feature at a time","Feature-specific local runtime","Synthetic inputs; no real private recordings unless approved","Feature is usable or clearly labeled blocked/experimental","","",""
"ENV-09 Integration Sandbox","External provider/channel smoke without production side effects","Use sandbox Slack/Discord/Telegram/WhatsApp/etc. targets","Operator-owned test apps/tokens","No production customer data or real send targets","Setup, diagnostics, and approval gates match public claims","","",""
